{
  "theta0": 9511.02958545554,
  "theta1": -0.022003811343704764
}